{"cameraMode":{"drawMode":0,"name":"Shaded","section":"Shading Mode"},"sceneLighting":true,"audioPlay":false,"sceneViewState":{"m_AlwaysRefresh":false,"showFog":true,"showSkybox":true,"showFlares":true,"showImageEffects":true,"showParticleSystems":true,"showVisualEffectGraphs":true,"m_FxEnabled":true},"in2DMode":false,"pivot":{"x":6.152120113372803,"y":14.287576675415039,"z":-18.465486526489259},"rotation":{"x":0.3026329576969147,"y":0.015727268531918527,"z":-0.004993396811187267,"w":0.9529669880867004},"size":7.540047645568848,"orthographic":false}