{"cameraMode":{"drawMode":0,"name":"Shaded","section":"Shading Mode"},"sceneLighting":true,"audioPlay":false,"sceneViewState":{"m_AlwaysRefresh":false,"showFog":true,"showSkybox":true,"showFlares":true,"showImageEffects":true,"showParticleSystems":true,"showVisualEffectGraphs":true,"m_FxEnabled":true},"in2DMode":false,"pivot":{"x":5.157418727874756,"y":7.465038776397705,"z":-12.81421947479248},"rotation":{"x":-0.003307919017970562,"y":-0.003902866505086422,"z":0.000012963671906618401,"w":-0.9999876022338867},"size":6.488328456878662,"orthographic":false}